{
  "controller/App.controller.js": 1751376974895,
  "i18n/i18n.properties": 1751376974891,
  "controller/View1.controller.js": 1751376974899,
  "model/models.js": 1751376974891,
  "manifest.json": 1751376974891,
  "Component.js": 1751376974887,
  "Component-dbg.js": 1751376974887,
  "Component.js.map": 1751377505494,
  "controller/View1-dbg.controller.js": 1751376974899,
  "controller/View1.controller.js.map": 1751377505492,
  "model/models-dbg.js": 1751376974891,
  "model/models.js.map": 1751377505493,
  "controller/App-dbg.controller.js": 1751376974895,
  "controller/App.controller.js.map": 1751377505492,
  "Component-preload.js": 1751377505593,
  "Component-preload.js.map": 1751377505593,
  "view/View1.view.xml": 1751376974899,
  "view/App.view.xml": 1751376974895,
  "css/style.css": 1751376974895,
  "index.html": 1751376974887
}